{"cameraMode":{"drawMode":0,"name":"Shaded","section":"Shading Mode"},"sceneLighting":true,"audioPlay":false,"sceneViewState":{"m_AlwaysRefresh":false,"showFog":true,"showSkybox":true,"showFlares":true,"showImageEffects":true,"showParticleSystems":true,"showVisualEffectGraphs":true,"m_FxEnabled":true},"in2DMode":false,"pivot":{"x":0.5870054960250855,"y":-0.10894358158111572,"z":79.09024810791016},"rotation":{"x":0.05266672000288963,"y":0.06734952330589295,"z":-0.0035531625617295505,"w":0.9963479042053223},"size":1.6805280447006226,"orthographic":false}